customer_id,customer_name,city,state,customer_segment,signup_date
CUST00001,"Rodriguez, Figueroa and Sanchez",Lake Curtis,IL,Enterprise,2026-05-13
CUST00002,Garza Inc,North Jefferyhaven,CT,SMB,2021-12-13
CUST00003,"Gonzalez, Santos and Gardner",South Bridget,PA,Enterprise,2021-10-12
CUST00004,Wolfe LLC,Ericmouth,NJ,Enterprise,2022-08-05
CUST00005,James LLC,Cassandraton,OH,Enterprise,2025-08-19
CUST00006,"Martinez, Nielsen and Miller",Mariastad,IL,SMB,2026-08-20
CUST00007,Bush Inc,Port Keith,CO,SMB,2022-05-27
CUST00008,Delacruz Group,Shawnstad,MA,SMB,2023-02-09
CUST00009,Kelly-Santiago,New Cynthiaside,NC,Enterprise,2023-10-22
CUST00010,Ford LLC,Lake Mark,CT,Enterprise,2022-03-14
CUST00011,Underwood LLC,Adamsborough,NJ,Enterprise,2026-07-20
CUST00012,"Edwards, Rios and Foster",Thomasberg,TX,SMB,2023-10-28
CUST00013,"Hoffman, Baker and Richards",Coxberg,CT,SMB,2026-01-22
CUST00014,Davis-Williams,East Courtneychester,NJ,SMB,2022-04-07
CUST00015,James-Ferrell,Tashatown,IL,SMB,2022-09-12
CUST00016,"Dyer, Potter and Mack",Danielchester,TX,Mid-Market,2023-01-26
CUST00017,Smith-Bowen,Teresaburgh,NJ,Mid-Market,2026-01-16
CUST00018,Harrell LLC,East Nathaniel,CA,Mid-Market,2023-02-05
CUST00019,"Ashley, Nielsen and Sellers",Tracyville,MI,Enterprise,2024-10-23
CUST00020,Allen-Allen,North Jessicaland,MI,Enterprise,2026-04-04
CUST00021,Anderson Group,West Allison,OH,Mid-Market,2025-04-28
CUST00022,Hickman Ltd,Lake Larry,VA,Mid-Market,2024-11-25
CUST00023,Lam-Hayes,East Caleb,NY,Enterprise,2021-11-26
CUST00024,"Spencer, Chapman and Smith",East Carloston,MI,Mid-Market,2024-07-14
CUST00025,Palmer LLC,Lewisberg,MA,Enterprise,2026-08-01
CUST00026,"Kennedy, Mueller and Aguirre",North Collin,NC,Enterprise,2025-05-23
CUST00027,Henderson-Owens,Lake Deniseville,VA,Mid-Market,2022-03-29
CUST00028,Chandler-Mcbride,East Jamesside,CA,Mid-Market,2025-07-16
CUST00029,Henderson LLC,Wrightland,MI,Enterprise,2025-06-29
CUST00030,"Garcia, Pearson and Fernandez",North Sarabury,OH,Mid-Market,2023-02-20
CUST00031,Tucker-Lewis,Barreraburgh,TX,Enterprise,2024-12-12
CUST00032,Galloway LLC,Mitchellside,CO,Mid-Market,2025-11-12
CUST00033,Lee and Sons,New Jillton,MA,SMB,2024-05-23
CUST00034,Williams Group,North Susan,PA,SMB,2022-05-28
CUST00035,Jones Inc,South David,CA,Mid-Market,2026-07-27
CUST00036,Riley Inc,South Dianeshire,CA,Enterprise,2026-03-04
CUST00037,Donovan-Harris,Johnfurt,OH,Enterprise,2022-11-02
CUST00038,"Brewer, Bryant and Hickman",North Stephenshire,CT,SMB,2022-07-29
CUST00039,Medina PLC,Davidstad,NJ,Mid-Market,2022-04-23
CUST00040,Wood and Sons,Bassport,MA,Enterprise,2026-03-23
CUST00041,Contreras PLC,Sarahville,FL,Enterprise,2022-11-13
CUST00042,Wilson-Rodriguez,West Juan,NC,Mid-Market,2023-07-08
CUST00043,"Cooper, Watts and Farrell",Kington,GA,SMB,2022-07-05
CUST00044,"Henderson, Hill and Smith",Lake Tina,FL,Mid-Market,2023-02-06
CUST00045,"Ramos, Thornton and Hoffman",North Sierraberg,NY,Mid-Market,2026-05-14
CUST00046,Davenport PLC,South David,VA,Enterprise,2024-05-06
CUST00047,Nolan-Flynn,West Jasonbury,IL,Mid-Market,2022-08-07
CUST00048,Deleon-Henson,Dicksonberg,OH,SMB,2023-09-27
CUST00049,Cherry and Sons,Johnsonmouth,IL,Enterprise,2025-03-24
CUST00050,"Shields, Cochran and Adams",South Monicafort,CA,SMB,2023-08-14
CUST00051,Velasquez Group,Kevinbury,NY,SMB,2023-08-15
CUST00052,Keller Group,Joshualand,OH,Enterprise,2024-02-06
CUST00053,May-Ross,Sheilaville,NY,Mid-Market,2023-12-12
CUST00054,Carpenter LLC,North Candacestad,NC,Mid-Market,2024-05-23
CUST00055,Obrien-Dixon,Lamborough,CO,SMB,2023-11-22
CUST00056,Fletcher Inc,West Ryan,OH,SMB,2024-07-13
CUST00057,"Edwards, Charles and Cortez",Williamchester,NJ,SMB,2024-07-01
CUST00058,Terry-Spencer,South Elizabeth,VA,Enterprise,2024-12-12
CUST00059,"Adkins, Thompson and Carroll",Kelleytown,NJ,Enterprise,2024-04-23
CUST00060,Clark-Floyd,Stevenmouth,MI,Mid-Market,2023-07-17
CUST00061,"Kennedy, Santana and Flynn",Lake Christopher,NC,Mid-Market,2026-02-09
CUST00062,"Schultz, Rogers and Cardenas",Lake Lance,MA,Enterprise,2023-06-02
CUST00063,Johnson and Sons,Carrland,CO,SMB,2025-08-06
CUST00064,Mercado-Johnston,Snyderbury,CO,SMB,2022-12-24
CUST00065,"Watts, Stafford and Dalton",Port Ronaldburgh,VA,Enterprise,2026-02-17
CUST00066,Williams-Wright,South Dennismouth,IL,Mid-Market,2026-03-30
CUST00067,"Larson, Dodson and Vance",Rivasside,NC,SMB,2025-07-08
CUST00068,Manning Group,Greenbury,GA,Enterprise,2024-01-31
CUST00069,"Washington, Allen and Gonzales",Jimmymouth,PA,Enterprise,2024-06-11
CUST00070,"Miller, Hernandez and Reyes",Lake Jason,NJ,SMB,2025-04-02
CUST00071,Rivera-Owens,East Marissafurt,TX,SMB,2026-09-10
CUST00072,"Smith, Gilmore and Johnston",Smithstad,PA,SMB,2024-04-06
CUST00073,Castaneda-Ashley,Medinaside,CA,Mid-Market,2023-08-08
CUST00074,Robinson-Graham,South Matthewfurt,CO,SMB,2023-02-16
CUST00075,Calhoun-Hooper,South Brittanytown,NC,Mid-Market,2022-06-09
CUST00076,"Patterson, Camacho and White",Nicholasborough,NJ,Enterprise,2025-08-04
CUST00077,Rogers-Hobbs,Karenchester,TX,Mid-Market,2023-11-14
CUST00078,Ruiz Ltd,West Jeffreyland,MA,Enterprise,2022-01-25
CUST00079,Herring and Sons,New Elijahberg,FL,Enterprise,2025-10-02
CUST00080,"Wilson, Gould and Marshall",Katieburgh,NY,SMB,2022-09-12
CUST00081,Oconnell Inc,West Barbarafurt,NY,SMB,2025-02-05
CUST00082,"Gonzalez, Vargas and Rivas",North Heidi,NC,SMB,2024-04-15
CUST00083,"Burke, Martinez and Riggs",West Amandastad,MA,Mid-Market,2022-04-24
CUST00084,"Holland, Smith and Fisher",Garciastad,NC,SMB,2025-08-20
CUST00085,"Hernandez, Thompson and Boyd",Christinaside,GA,SMB,2025-11-02
CUST00086,Graham-Simon,Marcusbury,PA,SMB,2022-06-18
CUST00087,Keith-Sanchez,Hudsonfurt,FL,Enterprise,2024-08-02
CUST00088,Snyder LLC,South Jason,IL,SMB,2023-12-03
CUST00089,Ramirez-Carlson,Angelahaven,MA,SMB,2023-05-08
CUST00090,Allen Group,Petersbury,CO,SMB,2025-10-10
CUST00091,"Joseph, West and Smith",Jeffreybury,MI,Mid-Market,2024-04-30
CUST00092,"Perkins, Kennedy and Schmidt",Barajasside,MI,SMB,2024-07-15
CUST00093,Warner-Nelson,Jerryborough,VA,Enterprise,2024-05-29
CUST00094,Newton Ltd,East Javier,PA,Mid-Market,2025-11-04
CUST00095,Hardy-Bray,Tinaborough,NY,Mid-Market,2024-03-30
CUST00096,Ward LLC,Lake Amandaview,CT,SMB,2022-02-10
CUST00097,Tran Ltd,Lake Miranda,CO,SMB,2025-11-25
CUST00098,Salas PLC,Taylormouth,PA,SMB,2024-08-15
CUST00099,Sheppard LLC,Wilsonland,MI,Enterprise,2025-02-17
CUST00100,Jones-Soto,East Edwardshire,TX,Enterprise,2024-04-22
CUST00101,Mcknight Inc,Obrienbury,FL,SMB,2026-03-03
CUST00102,Hayes-Ramos,Torreston,PA,SMB,2022-07-27
CUST00103,Garrett LLC,East Johnside,TX,SMB,2022-05-13
CUST00104,Smith Group,Carterbury,NJ,Enterprise,2024-03-05
CUST00105,"Campbell, Heath and Jones",West Kristin,VA,Enterprise,2023-05-29
CUST00106,Wilson-Walker,West Margaret,TX,SMB,2022-05-01
CUST00107,Martin LLC,Scottmouth,CO,Enterprise,2024-04-23
CUST00108,"Powell, Nelson and Fernandez",Millerton,CA,Mid-Market,2025-05-26
CUST00109,"Morris, Wright and Davis",Port Emilyview,GA,Enterprise,2026-08-17
CUST00110,Hines and Sons,Stonemouth,MA,Mid-Market,2024-02-03
CUST00111,Shea Group,Costafort,CO,Mid-Market,2024-09-07
CUST00112,Cook-Santiago,West Robert,NJ,Enterprise,2025-12-09
CUST00113,Bates-Morales,South Christopherview,NJ,SMB,2024-06-22
CUST00114,Cordova Group,Lake Mollymouth,MA,Enterprise,2025-03-28
CUST00115,Lopez LLC,Garrettton,OH,Mid-Market,2023-06-16
CUST00116,Dunn-Pennington,Gilmorefort,FL,Enterprise,2022-10-04
CUST00117,Dudley PLC,Lake Eric,MI,SMB,2026-05-30
CUST00118,Tran Inc,Port Robin,MI,Enterprise,2025-08-25
CUST00119,Holland and Sons,Cantuport,NY,SMB,2026-01-20
CUST00120,"Hill, Davenport and Baird",South Andrea,GA,SMB,2024-12-26
CUST00121,Weeks PLC,Port Chad,NY,Mid-Market,2025-04-03
CUST00122,Villa-Romero,West Jessicashire,TX,SMB,2026-08-28
CUST00123,"Burns, Hernandez and Ryan",Martinside,NC,Enterprise,2024-12-06
CUST00124,Cantu-Kane,New Patrick,CO,SMB,2025-03-21
CUST00125,Flores Group,Hughesberg,MI,SMB,2025-12-08
CUST00126,Martinez PLC,Mollymouth,OH,Enterprise,2022-07-28
CUST00127,"Lozano, Smith and Thomas",North Terrance,OH,Mid-Market,2023-12-24
CUST00128,Hanson-Sanders,Port Markside,NC,SMB,2024-12-15
CUST00129,Sims-Clay,Brennanton,IL,Mid-Market,2022-04-22
CUST00130,Welch LLC,Lake Christopher,GA,SMB,2022-07-24
CUST00131,"Padilla, Garcia and Jackson",Rebeccaton,GA,Enterprise,2024-06-25
CUST00132,Carter LLC,Thomashaven,NJ,Enterprise,2025-03-25
CUST00133,"Maldonado, White and Thompson",Harveybury,MA,Mid-Market,2025-12-16
CUST00134,"Thomas, Murray and King",Elizabethmouth,CT,SMB,2024-03-03
CUST00135,"Payne, Jones and Landry",Daniellechester,TX,Enterprise,2023-11-08
CUST00136,Bruce-Gonzalez,Castanedaville,CA,Enterprise,2023-09-28
CUST00137,Armstrong-Andrews,Andrewfurt,CT,Enterprise,2024-01-22
CUST00138,Knight Ltd,New Julieport,OH,SMB,2023-09-06
CUST00139,"Pham, Robinson and Lee",Ericaberg,CT,Enterprise,2022-07-20
CUST00140,"Lucas, Parker and Alexander",Jessicaland,MA,Enterprise,2024-03-26
CUST00141,Burgess-Thompson,Port Amber,FL,Mid-Market,2024-11-01
CUST00142,"Shaw, Nelson and Martin",Coffeyport,MA,SMB,2024-08-09
CUST00143,Mcdonald Inc,Port Tammy,NJ,Mid-Market,2025-02-07
CUST00144,"Diaz, Gibbs and Smith",South Miguelview,IL,Mid-Market,2026-09-12
CUST00145,Carson-Bentley,Lake Jesustown,NJ,SMB,2026-07-02
CUST00146,Herman-Walker,Lake Madisonport,NY,SMB,2025-03-13
CUST00147,Taylor Inc,Wendyville,CO,SMB,2022-07-20
CUST00148,Clay and Sons,Chavezside,CA,Mid-Market,2025-04-16
CUST00149,"Newton, Moore and Perry",Port Tracychester,NJ,Mid-Market,2024-02-08
CUST00150,Vaughn and Sons,Wallacebury,MI,Mid-Market,2024-10-22
CUST00151,Pollard LLC,Bruceview,NJ,Enterprise,2023-05-04
CUST00152,Rush Group,Lake Jasontown,MA,SMB,2022-02-26
CUST00153,Sanchez-Martinez,North Maria,NC,Mid-Market,2026-06-09
CUST00154,Willis and Sons,Kimtown,NC,Mid-Market,2024-01-31
CUST00155,Huerta PLC,Laurenville,GA,SMB,2021-12-11
CUST00156,Smith and Sons,Alfredview,CT,SMB,2022-03-03
CUST00157,Harmon PLC,Lake Brycemouth,IL,SMB,2024-10-20
CUST00158,"Wheeler, Hayes and Walker",Lake Kristahaven,MA,Enterprise,2024-04-16
CUST00159,Schneider-Johnson,Boonechester,NC,SMB,2022-08-23
CUST00160,Joseph-Wallace,West Charleneland,VA,Enterprise,2022-10-19
CUST00161,Weber-Richards,Oscarhaven,NJ,Enterprise,2024-03-26
CUST00162,Wagner-Jordan,Port Dianaside,NJ,SMB,2023-07-22
CUST00163,Hayes-Perez,Mariafurt,GA,Enterprise,2025-04-06
CUST00164,"Davis, Simmons and Ortega",Stephaniefort,NC,Enterprise,2022-04-18
CUST00165,Decker Inc,Davisstad,PA,Mid-Market,2022-10-31
CUST00166,"Brown, Frye and Hoffman",South Michaelchester,NJ,Enterprise,2022-02-28
CUST00167,Burke-Bell,East Diane,GA,SMB,2023-08-19
CUST00168,Bell PLC,Dannyview,MA,Enterprise,2026-08-10
CUST00169,Aguirre PLC,New Sarahview,IL,SMB,2021-12-20
CUST00170,Nelson LLC,Michaelburgh,FL,Enterprise,2022-12-11
CUST00171,"Sandoval, Jones and Figueroa",North Julieborough,MA,Enterprise,2024-12-03
CUST00172,Chavez-Moore,Jennifershire,NY,Mid-Market,2022-06-12
CUST00173,Moore PLC,Lake Christophermouth,GA,Mid-Market,2025-05-01
CUST00174,Lawson-Perry,Port William,NJ,Mid-Market,2024-08-29
CUST00175,Rodriguez-Gregory,Roseport,CO,Enterprise,2022-02-10
CUST00176,Foster PLC,North Jamesborough,NY,Mid-Market,2022-11-22
CUST00177,Roberts-Wilson,Burgessburgh,CT,Mid-Market,2022-10-28
CUST00178,Patel-Hall,Charleston,PA,Mid-Market,2025-06-08
CUST00179,Stevens Inc,Barbarashire,PA,Mid-Market,2025-03-01
CUST00180,"Bowman, Roberts and Sullivan",Georgemouth,OH,SMB,2024-10-20
CUST00181,Kim Inc,South Brianna,MI,SMB,2026-03-07
CUST00182,Foster LLC,Jeffreyburgh,IL,SMB,2022-05-17
CUST00183,"Schultz, Schmidt and Lee",Michaelberg,GA,Enterprise,2023-09-26
CUST00184,Thomas and Sons,New Eric,NJ,Mid-Market,2022-05-14
CUST00185,Bean Ltd,Marshallshire,NJ,Enterprise,2026-08-27
CUST00186,Maldonado-Macias,Michellemouth,CA,SMB,2023-01-04
CUST00187,Jones-Ramos,Laurashire,TX,Enterprise,2022-03-15
CUST00188,Romero-Collins,Johnsonstad,OH,Mid-Market,2024-03-01
CUST00189,Newman Inc,Fordside,CT,Enterprise,2022-01-27
CUST00190,Stout-Armstrong,West Cassidy,CA,Mid-Market,2025-12-27
CUST00191,Rosario Group,Port Rachelmouth,TX,SMB,2022-06-11
CUST00192,"Lucas, Williams and Zimmerman",Warrenburgh,NY,Enterprise,2024-10-26
CUST00193,Hardin-Hughes,Erikaton,TX,Enterprise,2024-07-27
CUST00194,Rivera PLC,Mitchellberg,FL,Enterprise,2024-07-23
CUST00195,Aguilar and Sons,Kylefurt,MA,SMB,2022-10-27
CUST00196,"Fletcher, Miller and Hansen",Lisahaven,MA,SMB,2022-07-09
CUST00197,"Santiago, Romero and Smith",Henryborough,FL,Enterprise,2024-08-18
CUST00198,Lee-Cooke,North Kenneth,NC,Enterprise,2022-08-02
CUST00199,"Wise, Conley and Stephenson",Lake Matthewberg,CO,SMB,2024-12-05
CUST00200,Martin Ltd,Lake Samuel,NJ,SMB,2025-03-21
CUST00201,Rhodes-Young,Bishopmouth,CA,Enterprise,2023-09-19
CUST00202,"Allen, Sheppard and Mueller",West Erika,CA,Enterprise,2026-07-30
CUST00203,Murray-Campbell,Shawchester,NC,SMB,2023-02-07
CUST00204,Solis and Sons,Brettfort,CA,SMB,2024-11-18
CUST00205,"Villa, Dawson and Black",West Christopherburgh,TX,Mid-Market,2024-01-17
CUST00206,Whitehead-Hernandez,Davisbury,CO,Mid-Market,2025-07-24
CUST00207,Arias-Perry,Shawbury,NJ,SMB,2025-01-03
CUST00208,Brooks Inc,Sarahmouth,OH,Mid-Market,2022-12-19
CUST00209,Johnson Group,Port Janice,NJ,Mid-Market,2025-07-16
CUST00210,"Smith, Miller and Scott",New Shelby,NC,Enterprise,2026-03-19
CUST00211,Rodriguez-Roberts,Davidbury,IL,SMB,2025-04-18
CUST00212,"Bauer, Bryant and Rodriguez",Carlsontown,PA,Mid-Market,2026-02-09
CUST00213,"Allen, Thomas and Patterson",Johnchester,VA,Enterprise,2023-04-26
CUST00214,"Barnett, Mills and Ward",South Morganton,CT,Mid-Market,2025-01-05
CUST00215,King-Smith,West Johnville,CA,SMB,2026-09-03
CUST00216,"Sherman, Anderson and Bell",Lisaburgh,MA,Enterprise,2025-09-04
CUST00217,"Mendoza, White and Taylor",Johnsonborough,TX,Enterprise,2022-02-05
CUST00218,Blackwell LLC,Zacharyside,TX,Mid-Market,2025-10-01
CUST00219,Johnson-Lucas,Michaelton,NY,Mid-Market,2024-07-19
CUST00220,Martinez-Richardson,Paulfurt,CO,Enterprise,2024-08-10
CUST00221,Crawford Group,Sandrahaven,CO,Enterprise,2023-12-29
CUST00222,Acosta Inc,Morrisonburgh,VA,Mid-Market,2026-05-13
CUST00223,Morris-Miller,Kirkchester,NY,Mid-Market,2023-02-21
CUST00224,"Wallace, West and Acosta",Christinachester,FL,SMB,2024-01-23
CUST00225,"Whitney, Gould and Jones",Coxburgh,OH,Mid-Market,2021-12-27
CUST00226,Allison Ltd,Johnsonland,CA,SMB,2023-09-25
CUST00227,"Diaz, Reyes and Bradley",Lake Shannon,TX,Enterprise,2024-11-17
CUST00228,Wallace-Jones,New Michael,IL,SMB,2024-05-25
CUST00229,"Ramirez, Horne and Johnson",South April,PA,SMB,2026-07-03
CUST00230,Green LLC,Lewisport,MA,Enterprise,2025-11-26
CUST00231,Martinez Inc,Thompsonmouth,PA,Enterprise,2022-06-21
CUST00232,"Ponce, Downs and Contreras",New Amberport,CO,Enterprise,2023-01-24
CUST00233,"Mckinney, Graves and Thompson",Williamville,OH,SMB,2023-06-08
CUST00234,Young Group,West Angelastad,NY,Mid-Market,2025-09-13
CUST00235,"Anderson, Henson and Jones",Keyfort,PA,SMB,2026-03-13
CUST00236,Hammond-Morrow,East Teresaland,NJ,SMB,2025-07-21
CUST00237,Frazier-Cooper,Port Tammy,VA,Enterprise,2025-05-28
CUST00238,"Bartlett, Brown and Martinez",West Fred,IL,SMB,2024-06-20
CUST00239,"Perez, Meza and Stone",Meghanview,FL,Mid-Market,2023-05-24
CUST00240,"Huber, Hill and Weber",New Danielleshire,TX,Mid-Market,2026-08-31
CUST00241,Jackson PLC,Meganshire,PA,Enterprise,2022-01-27
CUST00242,Miller Ltd,Debrashire,MA,SMB,2025-04-08
CUST00243,"Fowler, Jimenez and Burton",Dawnport,NC,Mid-Market,2025-10-31
CUST00244,Ballard Ltd,Evansland,CT,Enterprise,2022-03-27
CUST00245,Gonzales Group,Harrisberg,VA,Enterprise,2024-05-20
CUST00246,"Flores, Travis and Reed",Andersonstad,IL,Mid-Market,2026-02-07
CUST00247,"Rodriguez, Allen and Martinez",Wrightville,NY,SMB,2022-02-26
CUST00248,Dougherty-Lin,Wrightburgh,GA,SMB,2024-07-05
CUST00249,"Griffith, Lee and Moore",Jimenezport,OH,Mid-Market,2025-12-15
CUST00250,Davis Group,Levyborough,TX,Enterprise,2026-09-08
CUST00251,Williams-Campbell,Mitchelltown,MA,Enterprise,2022-08-21
CUST00252,Anderson-Baker,Kathrynstad,CO,SMB,2022-02-09
CUST00253,Williams-Hoffman,Angelaland,CO,Enterprise,2025-01-04
CUST00254,"Cole, Pierce and Bryan",East Theresafurt,TX,Enterprise,2024-11-24
CUST00255,Grant-Diaz,East Carrie,FL,Mid-Market,2025-02-20
CUST00256,"Williams, Williams and Reeves",Stoneberg,CA,SMB,2026-02-09
CUST00257,Murphy PLC,Franciscoport,NY,Mid-Market,2024-08-02
CUST00258,"Clayton, Patel and Erickson",Thomastown,NY,Enterprise,2024-11-09
CUST00259,Nunez-Whitney,Lauratown,PA,Mid-Market,2025-10-05
CUST00260,Coffey-Patton,Lake Brett,CO,Enterprise,2025-10-23
CUST00261,Warren Ltd,Hernandezbury,CO,Mid-Market,2021-12-29
CUST00262,"Vaughan, Rodriguez and Smith",Robertchester,NJ,SMB,2023-06-17
CUST00263,Shaw-Carr,Salaston,NJ,SMB,2022-11-25
CUST00264,"Clark, Nguyen and Bates",Edwardsburgh,MA,Mid-Market,2025-08-20
CUST00265,"Peterson, Gomez and Ingram",Chelseaborough,MI,SMB,2023-10-27
CUST00266,Grant-Walker,Kellieborough,CO,Mid-Market,2025-11-19
CUST00267,Castillo-Castro,Keithshire,CA,SMB,2026-05-06
CUST00268,Huang-Foster,Stephanieberg,NY,Enterprise,2024-03-12
CUST00269,Roberts Ltd,West Sandraview,FL,Enterprise,2025-10-19
CUST00270,Harris PLC,Sarahview,MI,Enterprise,2022-11-22
CUST00271,Gilbert PLC,East Brent,CO,Mid-Market,2026-03-29
CUST00272,Little Inc,South Markfort,CT,Enterprise,2022-07-31
CUST00273,"Townsend, Smith and Pierce",South Denise,OH,Mid-Market,2025-10-08
CUST00274,Santos-Avila,Manuelton,MI,Mid-Market,2022-06-26
CUST00275,"Andrews, Nichols and Sharp",East Robertburgh,MI,SMB,2022-01-12
CUST00276,French-Lopez,Nancytown,FL,SMB,2024-04-06
CUST00277,"Morrison, Hebert and Rogers",Haysside,MI,Enterprise,2026-03-09
CUST00278,Small-Anderson,Nelsonville,PA,Enterprise,2024-07-15
CUST00279,Simon Ltd,Jennifertown,MI,SMB,2024-08-04
CUST00280,Bradley-Todd,New Melissa,MA,Mid-Market,2025-03-04
CUST00281,Robertson-Miller,East Tinafort,FL,Enterprise,2024-06-23
CUST00282,Smith Group,South Karen,FL,Mid-Market,2024-07-12
CUST00283,Aguilar-Berry,Desireebury,NJ,Enterprise,2022-04-03
CUST00284,"Wilson, Parker and Sullivan",Hannahport,FL,Mid-Market,2024-11-06
CUST00285,"Walker, Bernard and Mendoza",Adkinsstad,VA,Mid-Market,2025-04-05
CUST00286,"Dunn, Ruiz and Medina",Port John,FL,Enterprise,2022-06-03
CUST00287,"Griffin, Padilla and Miller",North Mariahaven,NJ,Enterprise,2023-06-12
CUST00288,"Herrera, Martin and Bond",Wilsonborough,IL,Enterprise,2026-09-07
CUST00289,Davis-Dixon,South Davidchester,NC,Mid-Market,2025-08-11
CUST00290,"Brown, Ford and Roman",South Jonathantown,PA,Enterprise,2023-07-30
CUST00291,"Jones, Henderson and Graves",North Valeriefort,MI,Mid-Market,2021-12-29
CUST00292,Ortiz-Mack,Brooksfurt,VA,SMB,2025-07-16
CUST00293,Bennett-Vega,Lake Michelle,TX,Mid-Market,2022-09-25
CUST00294,Haney Group,Lake Tiffany,IL,SMB,2021-10-02
CUST00295,Good Group,Patelbury,VA,Enterprise,2023-10-30
CUST00296,Reed-Hill,North Lisachester,MA,Mid-Market,2021-11-09
CUST00297,Harris Inc,South Carlaton,NY,SMB,2023-10-22
CUST00298,"Williams, Gonzales and Fernandez",East Williamport,PA,Enterprise,2023-09-19
CUST00299,"Johnston, Ray and Barton",Joelberg,MA,SMB,2026-02-27
CUST00300,Gutierrez LLC,New Stacyburgh,NC,Mid-Market,2025-05-11
CUST00301,"Simpson, Compton and David",Floydmouth,OH,Mid-Market,2025-04-07
CUST00302,Hernandez-Bennett,Allenbury,NC,SMB,2024-04-13
CUST00303,"Thomas, Ford and Brown",Faulknerside,TX,Enterprise,2026-03-26
CUST00304,Price LLC,West Deborah,NC,SMB,2025-07-20
CUST00305,Davis-Hardy,North Joseph,NJ,Mid-Market,2022-01-22
CUST00306,Lopez PLC,South Jason,CT,SMB,2024-07-22
CUST00307,Krueger-Smith,Lake David,NC,Enterprise,2025-10-18
CUST00308,Dominguez Ltd,South Rose,TX,SMB,2026-06-03
CUST00309,Rowe-James,Kylestad,IL,SMB,2026-02-01
CUST00310,Owens-Lang,Gillmouth,OH,SMB,2023-06-15
CUST00311,Edwards-Williams,Lake Dustin,IL,Enterprise,2023-12-11
CUST00312,"Donovan, Riley and Butler",East Mark,VA,Mid-Market,2024-12-15
CUST00313,"Whitaker, Porter and Pena",Jonathanfort,MA,SMB,2025-11-24
CUST00314,Jackson-Norton,East Jennifer,CO,Mid-Market,2025-11-17
CUST00315,Stark PLC,New Arthurland,CA,Mid-Market,2022-02-19
CUST00316,Gutierrez Ltd,North Jasmine,IL,Enterprise,2021-10-20
CUST00317,Wagner LLC,New Danafort,OH,Mid-Market,2025-11-15
CUST00318,Smith PLC,Smithhaven,TX,Mid-Market,2024-01-23
CUST00319,"Madden, Smith and Li",Drakeburgh,IL,Mid-Market,2022-08-20
CUST00320,Warren and Sons,New Alisha,VA,Mid-Market,2024-09-27
CUST00321,Norton-Miller,Stevensbury,OH,Mid-Market,2023-08-24
CUST00322,Sutton-Abbott,North Richardfurt,TX,Enterprise,2026-06-05
CUST00323,Brown-Smith,North Vincent,NJ,Mid-Market,2025-06-01
CUST00324,"Mueller, Knight and Hodge",New Samanthabury,IL,Mid-Market,2023-07-10
CUST00325,"Clay, Alvarez and Williams",Lake Saraside,IL,SMB,2026-07-08
CUST00326,"Johnson, Mcfarland and Edwards",New Douglas,CO,Enterprise,2025-02-10
CUST00327,Evans PLC,New Mary,CA,SMB,2025-01-13
CUST00328,"Mosley, Rivera and Campos",Port Vanessa,PA,Mid-Market,2022-05-23
CUST00329,"Mcgee, Reed and Davis",Port Charles,TX,Enterprise,2025-02-05
CUST00330,Johnson-Nelson,Henrystad,PA,Mid-Market,2026-06-06
CUST00331,Reynolds-Frazier,Millerport,NJ,Mid-Market,2023-10-27
CUST00332,"Jones, Adams and James",Lake Peter,MI,SMB,2024-10-16
CUST00333,Davis LLC,Wardview,CA,SMB,2022-08-05
CUST00334,Miller Group,Hawkinshaven,VA,Mid-Market,2025-03-12
CUST00335,Johnson LLC,New Carlymouth,GA,Mid-Market,2024-12-31
CUST00336,Carter Group,Lake Rachelbury,IL,Enterprise,2026-08-04
CUST00337,"Jackson, James and Taylor",Josephberg,TX,Mid-Market,2022-04-06
CUST00338,Hamilton Group,Toddland,MI,SMB,2024-10-17
CUST00339,Raymond-Le,Wheelerborough,NY,SMB,2025-08-14
CUST00340,Taylor Inc,Cookfurt,MA,Mid-Market,2024-07-11
CUST00341,Cook-Ochoa,West Malik,TX,SMB,2023-06-08
CUST00342,Edwards-Oconnell,Kellyfort,IL,SMB,2026-08-16
CUST00343,Nguyen LLC,Diazshire,VA,Enterprise,2023-06-04
CUST00344,"Osborn, White and Saunders",Lake Stevenborough,FL,Enterprise,2025-06-15
CUST00345,Guerra-Jones,Chambersberg,IL,Mid-Market,2024-04-19
CUST00346,King and Sons,Mccormickland,NJ,Enterprise,2025-07-18
CUST00347,"Mendoza, Morales and Hunter",Stephensstad,NY,Enterprise,2026-04-17
CUST00348,"Little, Miller and Mack",Gabrielton,CT,Enterprise,2026-07-07
CUST00349,"Byrd, Ross and Goodwin",Rodriguezville,GA,SMB,2023-12-04
CUST00350,Dixon PLC,South Neil,FL,Enterprise,2025-08-30
CUST00351,"Chapman, Mason and Cooper",South Danchester,GA,Mid-Market,2022-06-15
CUST00352,Guerra Ltd,West Larry,CO,SMB,2025-08-06
CUST00353,Boyd LLC,Davismouth,CA,Enterprise,2024-06-08
CUST00354,Evans Ltd,North Melindaville,OH,SMB,2023-02-14
CUST00355,"Sanchez, Thompson and Moore",Mullenbury,NC,Mid-Market,2025-03-03
CUST00356,"Lopez, Davidson and Reynolds",Lake Christinaborough,NC,Enterprise,2025-07-19
CUST00357,"Jordan, Smith and Lewis",Karenland,NY,SMB,2026-08-20
CUST00358,Lloyd PLC,West Mark,OH,Enterprise,2025-08-13
CUST00359,Baker Group,Candicefurt,CO,Enterprise,2026-09-19
CUST00360,Bailey Group,Port Emily,MI,Mid-Market,2024-04-03
CUST00361,"Lawrence, Powers and Edwards",West Daryl,NJ,Enterprise,2024-11-24
CUST00362,"Thomas, Price and Carlson",Hendersonfort,MI,SMB,2026-04-18
CUST00363,"Ellison, Arias and Thompson",South Keith,TX,Mid-Market,2023-04-26
CUST00364,Wilkinson-Harvey,Stephaniefort,CT,SMB,2022-11-20
CUST00365,Ochoa PLC,Ortizfort,NJ,Enterprise,2025-04-05
CUST00366,"Larsen, Burns and Miller",Port Kathleenport,GA,Enterprise,2022-01-01
CUST00367,Walker-Roberts,Cunninghamfort,MI,Mid-Market,2026-05-26
CUST00368,"Wilson, Wilson and Hampton",Amberton,IL,SMB,2025-06-24
CUST00369,"Robinson, Coleman and Fitzgerald",West Nancy,TX,SMB,2021-12-31
CUST00370,Baker-Atkins,South Michelleville,VA,Mid-Market,2023-09-28
CUST00371,Cochran PLC,Michellechester,CA,SMB,2023-02-19
CUST00372,"Taylor, Clark and Clark",New Michaelview,CO,SMB,2026-04-22
CUST00373,Morris Ltd,Keithview,NC,SMB,2026-02-06
CUST00374,"Ochoa, Taylor and Brady",Sellersview,GA,Enterprise,2022-10-21
CUST00375,"Cline, Wright and Dawson",Port Megan,OH,Mid-Market,2025-01-24
CUST00376,Thomas-Chen,Brooksland,GA,Mid-Market,2022-07-08
CUST00377,Robertson-Ramirez,Shawnfort,MI,Enterprise,2024-07-04
CUST00378,"Smith, Schroeder and Oconnor",Reidstad,FL,SMB,2022-04-06
CUST00379,"Sanders, Donaldson and Summers",Adamsport,PA,SMB,2024-08-06
CUST00380,"Lane, Knight and Washington",Patriciaton,GA,SMB,2022-02-11
CUST00381,Sims Group,North Sarahburgh,NJ,Mid-Market,2025-06-24
CUST00382,Smith-Rubio,Lake Regina,GA,Enterprise,2024-04-16
CUST00383,Baxter LLC,Lake Michaelland,OH,Mid-Market,2024-11-20
CUST00384,"Mckee, Martin and Sanders",Jessicabury,NJ,Mid-Market,2025-05-17
CUST00385,"Davis, Davis and Lewis",East Brittneyhaven,VA,Mid-Market,2025-07-05
CUST00386,Smith LLC,Port Robertberg,CO,SMB,2025-10-15
CUST00387,Perez Inc,North Lawrenceport,MA,Enterprise,2022-11-22
CUST00388,Ayala-Mullins,Lake Victoria,NY,Enterprise,2022-12-09
CUST00389,Moreno Inc,South Michael,NC,SMB,2023-07-15
CUST00390,"Goodman, Gillespie and Jensen",Heathland,NY,SMB,2022-07-31
CUST00391,Goodwin PLC,Bellchester,NJ,Enterprise,2024-05-26
CUST00392,Wright Ltd,East Angelaport,NC,Mid-Market,2021-12-14
CUST00393,"Liu, Harris and Lawson",Lake Peter,VA,SMB,2022-03-10
CUST00394,Simpson Inc,South Danielle,GA,Mid-Market,2022-04-30
CUST00395,"Oneal, Smith and Ward",Davidshire,CT,Enterprise,2025-04-21
CUST00396,Payne-Thompson,Bestland,FL,Mid-Market,2021-11-12
CUST00397,"Jones, Baker and Williams",Port Raymondport,NC,SMB,2025-12-26
CUST00398,Henderson-Morales,West Christopher,OH,Enterprise,2022-05-25
CUST00399,"Mccall, Mccann and Moore",Peterland,FL,SMB,2024-05-12
CUST00400,"Kim, Ashley and Allen",North Sandy,NC,Mid-Market,2022-09-17
CUST00401,Salazar-Brown,North Alexander,CT,Mid-Market,2022-11-22
CUST00402,"Smith, Crawford and Reed",Garyberg,PA,Mid-Market,2024-01-05
CUST00403,"Tanner, Wise and Johnson",Nelsonland,FL,Mid-Market,2023-12-17
CUST00404,"Proctor, Burton and Crawford",Brianshire,TX,SMB,2023-02-22
CUST00405,Moore-Ayala,East Joycetown,OH,SMB,2022-02-05
CUST00406,Sanchez Group,Patrickberg,MI,SMB,2023-04-01
CUST00407,Tran Ltd,Walkerbury,CO,Enterprise,2025-04-07
CUST00408,"Flores, Mckenzie and Duncan",New Emilyton,GA,Enterprise,2023-04-02
CUST00409,Brock Inc,Jonesmouth,PA,Mid-Market,2024-02-16
CUST00410,Murphy-Tran,West Jamesshire,GA,Enterprise,2024-04-23
CUST00411,"Dean, Marshall and Vargas",Cuevasborough,NC,Mid-Market,2026-05-17
CUST00412,Hernandez Group,East Ambertown,IL,SMB,2024-07-28
CUST00413,Blake Group,Daltonhaven,MI,Mid-Market,2023-10-01
CUST00414,Vasquez-Brown,Lake Joshua,OH,Enterprise,2022-02-05
CUST00415,Merritt PLC,Haynesstad,FL,Mid-Market,2025-08-16
CUST00416,"Miller, Davis and Anderson",Jonesshire,CO,Enterprise,2022-04-03
CUST00417,Bates-Anderson,Josemouth,CA,SMB,2025-01-24
CUST00418,"Decker, Nguyen and Chavez",North Sherry,CT,Mid-Market,2022-11-18
CUST00419,"Rodriguez, Garcia and Cole",Richardside,CA,SMB,2024-10-09
CUST00420,Hayes Group,Melissaland,IL,Enterprise,2023-01-24
CUST00421,"Torres, Bush and Morrison",Port Melissa,MA,SMB,2022-12-26
CUST00422,Dawson LLC,Palmerport,NC,Enterprise,2023-12-09
CUST00423,Johnson Group,Hawkinsside,FL,Mid-Market,2023-11-07
CUST00424,Murray and Sons,North Bryanbury,NY,Enterprise,2022-11-02
CUST00425,Colon LLC,New Brendaland,PA,Mid-Market,2021-11-28
CUST00426,Gonzalez Ltd,Lambland,VA,Enterprise,2024-07-18
CUST00427,Williams Group,East Sandrachester,GA,Mid-Market,2025-01-31
CUST00428,Johnson-Vega,West Jason,VA,Mid-Market,2023-04-26
CUST00429,Ramirez-Stephenson,New Christinebury,PA,Mid-Market,2024-03-26
CUST00430,Jenkins-Pierce,North Joshuaberg,PA,Enterprise,2025-04-16
CUST00431,Day PLC,Lake Virginia,GA,Enterprise,2026-05-08
CUST00432,Mayo Ltd,Timothyfort,OH,SMB,2024-08-25
CUST00433,"Shaw, Price and White",Carlatown,CT,Mid-Market,2024-02-11
CUST00434,Stokes Group,Katiebury,NJ,SMB,2023-01-30
CUST00435,Wright and Sons,Amandaton,MA,SMB,2023-08-04
CUST00436,"Bradford, Salinas and Kelly",East Joel,CT,Enterprise,2024-06-06
CUST00437,"Wolfe, Sloan and Johnson",Staceyshire,NJ,Enterprise,2022-12-07
CUST00438,"Vaughan, Copeland and Cochran",Weaverburgh,FL,Enterprise,2025-11-23
CUST00439,Davis and Sons,North Alisha,CA,Enterprise,2021-09-24
CUST00440,Hardin-Harris,West Jennifer,NJ,Enterprise,2024-06-23
CUST00441,Johnson PLC,Port Daniel,GA,SMB,2026-03-15
CUST00442,Yu-Brooks,Willismouth,MA,SMB,2024-04-16
CUST00443,Taylor-Moore,Connerfort,NJ,Mid-Market,2024-06-03
CUST00444,Mann PLC,Jeffreyshire,OH,Mid-Market,2023-03-20
CUST00445,Parker-Barker,East Jessica,MI,Mid-Market,2026-08-06
CUST00446,Rosales-Townsend,East Carriebury,NY,SMB,2026-07-15
CUST00447,Zuniga and Sons,Juliebury,CA,SMB,2024-09-03
CUST00448,Jackson-Mcclure,Port Jennamouth,OH,Enterprise,2025-07-10
CUST00449,Baker and Sons,West Jonathanville,MI,Enterprise,2021-09-25
CUST00450,Cruz Ltd,Costachester,PA,Enterprise,2025-12-01
CUST00451,Bell-Bennett,Kramershire,CA,Enterprise,2023-08-23
CUST00452,Hayes Inc,Andrewview,CO,Mid-Market,2022-08-13
CUST00453,Peterson Group,Lake Charles,CA,SMB,2022-07-08
CUST00454,Wheeler-Austin,Bushchester,CO,Mid-Market,2023-02-16
CUST00455,"Preston, Moore and Garcia",East Robert,NC,SMB,2026-06-09
CUST00456,"Frost, Fernandez and Guerrero",Johnton,NJ,Enterprise,2025-01-24
CUST00457,"Dunn, Henry and Brown",South Christopherfort,CA,SMB,2023-06-04
CUST00458,Johnson and Sons,Tiffanyfort,FL,SMB,2022-09-15
CUST00459,Glover-Ruiz,Christopherside,NJ,Enterprise,2025-01-08
CUST00460,Watson Group,Jacobton,OH,Mid-Market,2023-12-19
CUST00461,Marshall-Perez,Anneberg,FL,SMB,2022-07-19
CUST00462,Barnett PLC,Arellanoshire,CA,Enterprise,2023-08-29
CUST00463,"Brown, Hughes and Mills",Armstrongbury,MI,SMB,2025-10-10
CUST00464,Miller-Orr,New Ashleyhaven,MI,Enterprise,2026-08-02
CUST00465,"Mcgrath, Hernandez and Avery",Thompsonburgh,VA,SMB,2023-07-12
CUST00466,Martinez Group,Lake Ryanberg,NC,SMB,2023-12-02
CUST00467,Bartlett-Sloan,North Paulfurt,VA,Enterprise,2026-06-03
CUST00468,Gates-Stone,Port Isabellashire,TX,SMB,2026-03-03
CUST00469,Rodriguez-Hernandez,North Annaville,VA,Enterprise,2024-02-27
CUST00470,"Beard, Humphrey and Baker",Armstrongfort,FL,Mid-Market,2022-01-16
CUST00471,Hill and Sons,Williamsmouth,FL,Mid-Market,2023-09-30
CUST00472,Reese LLC,Andrewport,MA,Mid-Market,2024-05-15
CUST00473,Cameron-Garrison,Port Jeremyport,VA,SMB,2025-06-29
CUST00474,Adams-Butler,East Scottchester,CO,Mid-Market,2025-11-05
CUST00475,"Camacho, Nicholson and Robertson",North Larry,OH,Enterprise,2026-01-13
CUST00476,Taylor-York,East Jamesborough,NC,Enterprise,2022-03-20
CUST00477,Johnson Inc,Janetview,OH,SMB,2024-11-09
CUST00478,Wagner-Reid,Lake Anthonystad,IL,Mid-Market,2025-11-18
CUST00479,"Griffin, Horne and Wells",Maxview,CA,SMB,2022-06-29
CUST00480,Johnson-Williams,Port Jeffrey,MI,Mid-Market,2023-08-22
CUST00481,"Clark, Pearson and Palmer",South Rhondaburgh,GA,Mid-Market,2021-10-18
CUST00482,King LLC,Rodneyfurt,FL,SMB,2024-09-09
CUST00483,King-Owens,Silvatown,CA,Mid-Market,2026-01-28
CUST00484,"Levy, Franco and Hoffman",Kennethville,VA,Enterprise,2025-10-27
CUST00485,Rogers LLC,Michelleview,FL,Enterprise,2024-04-07
CUST00486,Hernandez and Sons,Port Meredithfurt,PA,Mid-Market,2024-06-10
CUST00487,"Taylor, Johnson and Jimenez",Jordanchester,NJ,Mid-Market,2025-03-02
CUST00488,Doyle-Aguilar,West Jessica,CA,SMB,2023-08-13
CUST00489,"Nichols, Glover and Knox",Williamburgh,IL,Mid-Market,2026-06-22
CUST00490,Carter Group,Lake Jonathan,VA,Enterprise,2026-06-24
CUST00491,Arroyo LLC,East Michaelport,GA,Mid-Market,2025-04-20
CUST00492,Watson-Richards,Yorkfort,NY,Mid-Market,2022-03-07
CUST00493,"Silva, Blackburn and Jones",New David,NJ,Mid-Market,2024-12-20
CUST00494,"Evans, Brown and Dickerson",East Matthew,MI,Mid-Market,2026-07-27
CUST00495,Thomas-Huffman,Port Christopher,VA,Mid-Market,2024-07-21
CUST00496,"Hatfield, Edwards and Brown",Hillburgh,CO,SMB,2026-08-17
CUST00497,Burns Inc,New Ryan,OH,Mid-Market,2025-05-18
CUST00498,Patterson-Woods,North Amandastad,TX,Enterprise,2021-11-04
CUST00499,Sherman-Schmidt,Lake Adambury,TX,Enterprise,2023-08-25
CUST00500,"Wiley, Collins and Garcia",Garyton,MA,Enterprise,2024-04-05
